org_name,id,address
Minitel.wtf,cardano_stake1u8j53lkzw5tv4p08am6uunwrjzrvpzfas8xzxcepf3hvrfsr7u3yu,stake1u8j53lkzw5tv4p08am6uunwrjzrvpzfas8xzxcepf3hvrfsr7u3yu
Minitel.wtf,cardano_stake1uxshuuepjhaewd7ch8th96za0fj06t9plzjymjnr3h3k07cfyd2e6,stake1uxshuuepjhaewd7ch8th96za0fj06t9plzjymjnr3h3k07cfyd2e6
Minitel.wtf,solana_D8z78oqGpwwrxKhXeKt7Ve3k1tAvZAuyoCkS8ErPKt9s,ABPPHUTB9vY2TuQZkLptKzkCDHUdaDAjXFWq8QeM8wob
Minitel.wtf,solana_EG2gPTDHgomG7A919uMCPUkT3rLf5zh1vxjfL2SzKfDH,EG2gPTDHgomG7A919uMCPUkT3rLf5zh1vxjfL2SzKfDH
Minitel.wtf,solana_EsztPsYb2mLrUNtLpwiKH42iZzRNX5BQ6xdzGacMaKn6,EsztPsYb2mLrUNtLpwiKH42iZzRNX5BQ6xdzGacMaKn6
Minitel.wtf,solana_8Htve3nXPsvXk88WrJHH6nQBQCjw4bSCJLuEpT6ArfMY,8Htve3nXPsvXk88WrJHH6nQBQCjw4bSCJLuEpT6ArfMY
Minitel.wtf,solana_8yB8WXngr5CbxoNweAaosn9u7Vf8FuLMoGmbMp4eYxzS,8yB8WXngr5CbxoNweAaosn9u7Vf8FuLMoGmbMp4eYxzS
Minitel.wtf,solana_ABPPHUTB9vY2TuQZkLptKzkCDHUdaDAjXFWq8QeM8wob,ABPPHUTB9vY2TuQZkLptKzkCDHUdaDAjXFWq8QeM8wob
Minitel.wtf,solana_GqoH1myiruWecSFPXNXXMkCKuf1zTnXoZ4mei1xcKvun,GqoH1myiruWecSFPXNXXMkCKuf1zTnXoZ4mei1xcKvun
Minitel.wtf,one_one14xu6rj7vxelk2kqnfh7t52de95a2pg5hx072mq,one14xu6rj7vxelk2kqnfh7t52de95a2pg5hx072mq
Minitel.wtf,ethereum_0x8e3f2234527acce8f1e921db47016cdd3f9f8fb6d7390eff8671cc3e003c2da262dd8cfa768b7aa32c480f860ef33832,0x8e3f2234527acce8f1e921db47016cdd3f9f8fb6d7390eff8671cc3e003c2da262dd8cfa768b7aa32c480f860ef33832
Minitel.wtf,ethereum_0xa2a3b894bfb0e24ee2a3c5c3c1e21431533fdd911c0baf24474c64c6bdfd0c0c2b966cde44be915910f2797e83c6d339,0xa2a3b894bfb0e24ee2a3c5c3c1e21431533fdd911c0baf24474c64c6bdfd0c0c2b966cde44be915910f2797e83c6d339
Minitel.wtf,ethereum_0x937904c06832c9c16f3bc25782c1f34f1c67bfdde6177144bc049e96d29b5106b471d41accb0b6eecf4718136ae6b823,0x937904c06832c9c16f3bc25782c1f34f1c67bfdde6177144bc049e96d29b5106b471d41accb0b6eecf4718136ae6b823
Minitel.wtf,ethereum_0xb36e8fa1d546b99a03946b0b421d1579f5d3eb5802bbf21a0093afe1e834016c83145719b104236b22719c535f93b8ae,0xb36e8fa1d546b99a03946b0b421d1579f5d3eb5802bbf21a0093afe1e834016c83145719b104236b22719c535f93b8ae
Minitel.wtf,ethereum_0x825a25900e0a67ddb1e32abef99a983ac62beea49d705c1819a351331c05d8b10ac2a1c196828bbac51db34ccfdba1c0,0x825a25900e0a67ddb1e32abef99a983ac62beea49d705c1819a351331c05d8b10ac2a1c196828bbac51db34ccfdba1c0
Minitel.wtf,ethereum_0xa03744e06bd72aae8b57f789ca45d2ed7fe1e9c16a99b0c82629a3e143a8970e3b4d72dde406c622bbad61018cef3d31,0xa03744e06bd72aae8b57f789ca45d2ed7fe1e9c16a99b0c82629a3e143a8970e3b4d72dde406c622bbad61018cef3d31
Minitel.wtf,ethereum_0x8cce8ac79ec89f88e9aa26060b04a79d6004b01d3ed9e0fac568217d1a828b4e1ae0aba25b0c0c5148487e3532387937,0x8cce8ac79ec89f88e9aa26060b04a79d6004b01d3ed9e0fac568217d1a828b4e1ae0aba25b0c0c5148487e3532387937
Minitel.wtf,ethereum_0xb43c95c8f3b1cbea227deaf30bddf968c70e1002e500c05ca5dcc006b7dd76184c8c696c65785788a3675879b55eece3,0xb43c95c8f3b1cbea227deaf30bddf968c70e1002e500c05ca5dcc006b7dd76184c8c696c65785788a3675879b55eece3
Minitel.wtf,ethereum_0xae5dd7a7c42c2ca12cbd21c8bf9f928f55267010223678eb3f237a0af651bce571348abd11eb79c9413347952a550018,0xae5dd7a7c42c2ca12cbd21c8bf9f928f55267010223678eb3f237a0af651bce571348abd11eb79c9413347952a550018
Minitel.wtf,ethereum_0x8731ba36d3c31b30cda23804cecdc0491dedcd677a1da001335f23031bb174c6150a916f62c4669053ad96ae8e92b67c,0x8731ba36d3c31b30cda23804cecdc0491dedcd677a1da001335f23031bb174c6150a916f62c4669053ad96ae8e92b67c
Minitel.wtf,ethereum_0xb91f94c63cacac3e27693b6c73a3cc71f5b100fa7ed09f4c0c1b8cbf81d919d246e6f8f6e27661a0758b23ef4443dc16,0xb91f94c63cacac3e27693b6c73a3cc71f5b100fa7ed09f4c0c1b8cbf81d919d246e6f8f6e27661a0758b23ef4443dc16
Minitel.wtf,ethereum_0xb52b22b8c957dac041277c25884fc522ada4706baa8be371b7358593afb728e19f77813b8fb50cb2a241ece0283db287,0xb52b22b8c957dac041277c25884fc522ada4706baa8be371b7358593afb728e19f77813b8fb50cb2a241ece0283db287
Minitel.wtf,ethereum_0xa4aaacaca18539cccde4e3f3a0fcfa00671765b37e4152bb0d71a5d666657dd0581214185c6c994e79db4bb3ce5b5a90,0xa4aaacaca18539cccde4e3f3a0fcfa00671765b37e4152bb0d71a5d666657dd0581214185c6c994e79db4bb3ce5b5a90
Minitel.wtf,ethereum_0xa2ba06cfe28b86b71d5f2790a80523b57fda16cc8ffa1effff72fbc82ccb39d8b34acbfe6b2793af70e92e5c8dfacd00,0xa2ba06cfe28b86b71d5f2790a80523b57fda16cc8ffa1effff72fbc82ccb39d8b34acbfe6b2793af70e92e5c8dfacd00
Minitel.wtf,ethereum_0xa8d8ece7ed7a72df92cd595a4ead63f7b7e5f8f656b88a42d4d4a48b2068ca1defea738470654dc56379fe8fa808f689,0xa8d8ece7ed7a72df92cd595a4ead63f7b7e5f8f656b88a42d4d4a48b2068ca1defea738470654dc56379fe8fa808f689
Minitel.wtf,ethereum_0xac8d1f97dca838510d1ef608e7733c944af0fcc34c03906550eefe24ad9a78f149be7b9c531eb300735cb567f080f9f2,0xac8d1f97dca838510d1ef608e7733c944af0fcc34c03906550eefe24ad9a78f149be7b9c531eb300735cb567f080f9f2
Minitel.wtf,ethereum_0xa81ac890de6ccd04778c57efe8399fe3eb0b8540c5761169663747408dfee8f56920e70cbab8e75d4fa10c7b2e29fe83,0xa81ac890de6ccd04778c57efe8399fe3eb0b8540c5761169663747408dfee8f56920e70cbab8e75d4fa10c7b2e29fe83
Minitel.wtf,ethereum_0x87a905b68256a36fbc72018bb4ca79c11c2be7dd58219878893e0f0593a27e4b6f1976e4b82ce391ab95538d077bcdea,0x87a905b68256a36fbc72018bb4ca79c11c2be7dd58219878893e0f0593a27e4b6f1976e4b82ce391ab95538d077bcdea
Minitel.wtf,ethereum_0xa9c912cb77c26dbab8df9542e43ad61f4aa90352d6db2f42ea5932643f5ee6839d629339cd899d09a10d4b7e4e15cc9c,0xa9c912cb77c26dbab8df9542e43ad61f4aa90352d6db2f42ea5932643f5ee6839d629339cd899d09a10d4b7e4e15cc9c
Minitel.wtf,ethereum_0x929453eda75e5346d69bc9396ad19b9085ca9a5599bd9c04d2e256d99101e943832bedb64b108000690368bdae7e8deb,0x929453eda75e5346d69bc9396ad19b9085ca9a5599bd9c04d2e256d99101e943832bedb64b108000690368bdae7e8deb
Minitel.wtf,ethereum_0x82d68bd60b0609edcad1098c3db580ea8db76b5f038dfc64309ea34aff215dc62883bb23bfc4ecd6b6a3eb470eb860f5,0x82d68bd60b0609edcad1098c3db580ea8db76b5f038dfc64309ea34aff215dc62883bb23bfc4ecd6b6a3eb470eb860f5
Minitel.wtf,ethereum_0x9252b4d91350bd926ca8c30818e3638cb94cec6a835e915c7ce366ce4a945c17e584a7093e0a5284fe6ec256be6f2ee8,0x9252b4d91350bd926ca8c30818e3638cb94cec6a835e915c7ce366ce4a945c17e584a7093e0a5284fe6ec256be6f2ee8
Minitel.wtf,ethereum_0xa8e8c401c657de914ffe653b4c5b16c58b26eaefcd2f52773213819f493d15552d9b84e879d6fd0996674b5654e0fe57,0xa8e8c401c657de914ffe653b4c5b16c58b26eaefcd2f52773213819f493d15552d9b84e879d6fd0996674b5654e0fe57
Minitel.wtf,ethereum_0x97d60941e126d4b15f2ca368a6d913dffbe5f7076dd070fc3e8cd6007706a2f51c37a24a14a93a2f54a744c84a2cd449,0x97d60941e126d4b15f2ca368a6d913dffbe5f7076dd070fc3e8cd6007706a2f51c37a24a14a93a2f54a744c84a2cd449
Minitel.wtf,ethereum_0xa9a2d45fb48cdd2e3c29e728dde7f174204e6e4a92afeffebd7fcb7e0033b8f8035ed407a78a6072654c563c6b132f67,0xa9a2d45fb48cdd2e3c29e728dde7f174204e6e4a92afeffebd7fcb7e0033b8f8035ed407a78a6072654c563c6b132f67
Minitel.wtf,ethereum_0x82197ba3d488854e091c97e05c8b977ed931d7f6846066cae52835f6eb6c86bf365b3edc2099b226d05f3ed76c627f62,0x82197ba3d488854e091c97e05c8b977ed931d7f6846066cae52835f6eb6c86bf365b3edc2099b226d05f3ed76c627f62
Minitel.wtf,ethereum_0x9339bbfdb6176676c43688fcc2270ea78472593826d05873045c05e80827bdf9f80a972baaf827303e171f641731fec0,0x9339bbfdb6176676c43688fcc2270ea78472593826d05873045c05e80827bdf9f80a972baaf827303e171f641731fec0
Minitel.wtf,ethereum_0x9872a5f69968cea96b9579e3f72a0f64800b9da29324cc09676e20f05570d13827b6b39d3a214d20fac2cded3eb72d3e,0x9872a5f69968cea96b9579e3f72a0f64800b9da29324cc09676e20f05570d13827b6b39d3a214d20fac2cded3eb72d3e
Minitel.wtf,ethereum_0xa590a8d85b03e530030adaae7124f586e61b14a9463e4a3c685675518d2fe293a0e8bf713d3978b4cbe8ac4022044139,0xa590a8d85b03e530030adaae7124f586e61b14a9463e4a3c685675518d2fe293a0e8bf713d3978b4cbe8ac4022044139
Minitel.wtf,ethereum_0x99cb83953dd989c19a088359344d7577769ab10a4605e83349e00c52415448ae4b0ed08a11a93e8b618d1dfb5bd50645,0x99cb83953dd989c19a088359344d7577769ab10a4605e83349e00c52415448ae4b0ed08a11a93e8b618d1dfb5bd50645
Minitel.wtf,ethereum_0xacf90674a2cf9985ff5cbeb48d482c22757af8f99bda10f75b5141f789ebf2bab88c689ba5c9be2452a2bff398fce977,0xacf90674a2cf9985ff5cbeb48d482c22757af8f99bda10f75b5141f789ebf2bab88c689ba5c9be2452a2bff398fce977
Minitel.wtf,ethereum_0xb003f1939b5e3df0a56145cf9501591e19432995add9949bbb4e64dda12ba0e2aef4cded3829756516a1128b15771ce5,0xb003f1939b5e3df0a56145cf9501591e19432995add9949bbb4e64dda12ba0e2aef4cded3829756516a1128b15771ce5
Minitel.wtf,ethereum_0x97c3a1bd19a22e26539166938ed21ce537066474c4ce83eb0b8ef0dfe20d882a6286015b92b02f0095d6c4086d71caa4,0x97c3a1bd19a22e26539166938ed21ce537066474c4ce83eb0b8ef0dfe20d882a6286015b92b02f0095d6c4086d71caa4
Minitel.wtf,ethereum_0x8ce922c391d9ab108465774332213fc3d42e33426b36a3d85dd4c71fc4e1f542b23db80a6ceec885f9a54515ddb2555c,0x8ce922c391d9ab108465774332213fc3d42e33426b36a3d85dd4c71fc4e1f542b23db80a6ceec885f9a54515ddb2555c
Minitel.wtf,ethereum_0xb45460bfae388e08cba308d5e03302ef9b50800e6996ab9aaf67ad1668bac5d5f88a06c188e6c281f9a114aff2b4dd4a,0xb45460bfae388e08cba308d5e03302ef9b50800e6996ab9aaf67ad1668bac5d5f88a06c188e6c281f9a114aff2b4dd4a
Minitel.wtf,ethereum_0xb5236185898d2428026f445358fcb401379ec87a1339fcaa98c9c598c89c867c0f9397c9cc42eee3f28d9481e25bd80b,0xb5236185898d2428026f445358fcb401379ec87a1339fcaa98c9c598c89c867c0f9397c9cc42eee3f28d9481e25bd80b
Minitel.wtf,ethereum_0xa941fb2a7514711e33ba773d506707c2d390b7ca7cfd8193c2c8bbdc330489eeb8321034c4bad4d181b471d0d37598cf,0xa941fb2a7514711e33ba773d506707c2d390b7ca7cfd8193c2c8bbdc330489eeb8321034c4bad4d181b471d0d37598cf
Minitel.wtf,ethereum_0x8f76afa8395c15b1204a107539c5c8dc57381c6dc9b45ef0fc3df5854b558fd140bfb45c1cc35ac3fdd0c660e107af72,0x8f76afa8395c15b1204a107539c5c8dc57381c6dc9b45ef0fc3df5854b558fd140bfb45c1cc35ac3fdd0c660e107af72
Minitel.wtf,ethereum_0x954af275091e49ed9593cf786e0fe5cffb1be19763f3c7617c3ddaac7ed13dd2189815c5fffdd14d7efcc7851da61f22,0x954af275091e49ed9593cf786e0fe5cffb1be19763f3c7617c3ddaac7ed13dd2189815c5fffdd14d7efcc7851da61f22
Minitel.wtf,ethereum_0x8d1ebffd09c869a0cb76e5959a4583d8e259e46d515b5f47d76aa6e0291e8767f12bcf3fce879d0029e06003e74eea3d,0x8d1ebffd09c869a0cb76e5959a4583d8e259e46d515b5f47d76aa6e0291e8767f12bcf3fce879d0029e06003e74eea3d
Minitel.wtf,ethereum_0x867aa5c63c4f65d3f38aa1395ff7bd403f9a5c34f6f1d9f8d777b377d062615aa9e68681c01dcdca2b750588fb49ee31,0x867aa5c63c4f65d3f38aa1395ff7bd403f9a5c34f6f1d9f8d777b377d062615aa9e68681c01dcdca2b750588fb49ee31
Minitel.wtf,ethereum_0xb0419f5b283648b0dacc252934b5f20d494864e72e9060850908ed70fd1a8b0519c7a6cd8a8311786d887997b5762207,0xb0419f5b283648b0dacc252934b5f20d494864e72e9060850908ed70fd1a8b0519c7a6cd8a8311786d887997b5762207
Minitel.wtf,ethereum_0xa2be9b4380845fe45c7144bdad97458cd8fbc39f3775e1ece515d0a7d9f44181d879da0f51d5d430f59d7483876a20a8,0xa2be9b4380845fe45c7144bdad97458cd8fbc39f3775e1ece515d0a7d9f44181d879da0f51d5d430f59d7483876a20a8
Minitel.wtf,ethereum_0x953f05e6c7adcdb4a8ec63258f4e53166572c355bb9e0e090dfcfa4a674e0636ca0256fbb9dda5124ccc9699a6495ef0,0x953f05e6c7adcdb4a8ec63258f4e53166572c355bb9e0e090dfcfa4a674e0636ca0256fbb9dda5124ccc9699a6495ef0
Minitel.wtf,ethereum_0xb97212458262dc7873aeb7779841f1ccd299dd44c568f85d8934d312c0f73562b185f67272e034be66bb2ceced3df6e7,0xb97212458262dc7873aeb7779841f1ccd299dd44c568f85d8934d312c0f73562b185f67272e034be66bb2ceced3df6e7
Minitel.wtf,ethereum_0xb9f55754195df64cee73dc4b22194c3e60736cc56faa21ae4cdeac7c5f9ac1866e1e7547c043fd6bd5194dd6b0ba0876,0xb9f55754195df64cee73dc4b22194c3e60736cc56faa21ae4cdeac7c5f9ac1866e1e7547c043fd6bd5194dd6b0ba0876
Minitel.wtf,ethereum_0xb434536e1baf1595dd56d71f18e5ad6e6afec12cf9056ed1b401be3c792b68442fc92dfa87082ff7ae87a3c58df23d72,0xb434536e1baf1595dd56d71f18e5ad6e6afec12cf9056ed1b401be3c792b68442fc92dfa87082ff7ae87a3c58df23d72
Minitel.wtf,ethereum_0xa8694b96ff8b4e200af8fa93c32955c4326e9401c50b6cb78e6e418b0e8aebad4ff20706bb35c43faf98807bd2a912d4,0xa8694b96ff8b4e200af8fa93c32955c4326e9401c50b6cb78e6e418b0e8aebad4ff20706bb35c43faf98807bd2a912d4
Minitel.wtf,ethereum_0x8bf818189b08add216e92d613ebae91907f5cf980cdaa52136b17460038fe89927cc47827b353e20f38e9994146c1adb,0x8bf818189b08add216e92d613ebae91907f5cf980cdaa52136b17460038fe89927cc47827b353e20f38e9994146c1adb
Minitel.wtf,ethereum_0x974e2363261c90871d19270a662813b98a31361da01246a76744687c5266151680a44e13e26b3e039f31db8fe1919224,0x974e2363261c90871d19270a662813b98a31361da01246a76744687c5266151680a44e13e26b3e039f31db8fe1919224
Minitel.wtf,ethereum_0x8078692b2dd6ef79d6c539df3b43d24b4780636d7819031955d18bdd4d3f70121ecf2dc42997f05f9a2ce6451015cf8a,0x8078692b2dd6ef79d6c539df3b43d24b4780636d7819031955d18bdd4d3f70121ecf2dc42997f05f9a2ce6451015cf8a
Minitel.wtf,ethereum_0xafc7810199099f3a01f7c983a25efb8255b044e86481a0791eac06071f72b0b7a83320686f7d33b8dd932a9092fd9f21,0xafc7810199099f3a01f7c983a25efb8255b044e86481a0791eac06071f72b0b7a83320686f7d33b8dd932a9092fd9f21
Minitel.wtf,ethereum_0xb10aaed38c83ccb41a870ec57bf77870423d8638b6c620da7b1a2d19e0168c750eb9b867fc6d8ec6b75258f7e5cfaa46,0xb10aaed38c83ccb41a870ec57bf77870423d8638b6c620da7b1a2d19e0168c750eb9b867fc6d8ec6b75258f7e5cfaa46
Minitel.wtf,ethereum_0x950965d71ee8dd99e5f5054498f6424c6bd07945e9f4d05d1ca4c7dd293c2f2f0252349abac4040e22423bc61bb18cfc,0x950965d71ee8dd99e5f5054498f6424c6bd07945e9f4d05d1ca4c7dd293c2f2f0252349abac4040e22423bc61bb18cfc
Minitel.wtf,ethereum_0xb80f3a5f79d4d75143369d4397cef5e1961ec0f99bee4e4f541b60011472ec434896cc3f91f858a8c1fff122d0fb49fb,0xb80f3a5f79d4d75143369d4397cef5e1961ec0f99bee4e4f541b60011472ec434896cc3f91f858a8c1fff122d0fb49fb
Minitel.wtf,ethereum_0xadfca6e9bccfc4748da011d249fcbac59415b663c68372f5ca070e2a73e4f326a6e5df0309784ea6d5201292505c94f2,0xadfca6e9bccfc4748da011d249fcbac59415b663c68372f5ca070e2a73e4f326a6e5df0309784ea6d5201292505c94f2
Minitel.wtf,ethereum_0x8f23c3e6a3a4050000cc743bb16e41d7a60add4d6a668a470e039871cbd4004801049aa9b1976e2b260ae7fa67f14c56,0x8f23c3e6a3a4050000cc743bb16e41d7a60add4d6a668a470e039871cbd4004801049aa9b1976e2b260ae7fa67f14c56
Minitel.wtf,ethereum_0xaf7bee9a9f907125af893ee82a8aedcd6eaf92489afbd9a45f20cbae57c3cdf113a5b3f577c8d2edb5ea20809744f160,0xaf7bee9a9f907125af893ee82a8aedcd6eaf92489afbd9a45f20cbae57c3cdf113a5b3f577c8d2edb5ea20809744f160
Minitel.wtf,ethereum_0x85d8c036109e1bdb00b9ff293e5bd154beed94a6faf59e897723c8de1edb09cac615fc1950de06eaf43f6c744d82bee6,0x85d8c036109e1bdb00b9ff293e5bd154beed94a6faf59e897723c8de1edb09cac615fc1950de06eaf43f6c744d82bee6
Minitel.wtf,ethereum_0xb792e28bfc3499ffdf3ad29f1868ae2e5c34a9d5c51fb1a9efb55610f7b9ebae28d23f9f7f6a92811d8d23ab1550feb2,0xb792e28bfc3499ffdf3ad29f1868ae2e5c34a9d5c51fb1a9efb55610f7b9ebae28d23f9f7f6a92811d8d23ab1550feb2
Minitel.wtf,ethereum_0x889103f19f2a1e6313e28a1ec710be91a16e301a9b6fbfa0a552f5bb3301c1d2037e71e3803424661c180f81aa98d94c,0x889103f19f2a1e6313e28a1ec710be91a16e301a9b6fbfa0a552f5bb3301c1d2037e71e3803424661c180f81aa98d94c
Minitel.wtf,ethereum_0x901aa930da5fb7cefc8ce753a73ea8a55b1ca7da3e69d0b278d6a0d93155ab212222d205491a69d4d904446f537339b3,0x901aa930da5fb7cefc8ce753a73ea8a55b1ca7da3e69d0b278d6a0d93155ab212222d205491a69d4d904446f537339b3
Minitel.wtf,ethereum_0x822f748101359bf1e40c5ca26ef84dfd99cbafc03897b596582220cff63b56edde218541c338356ee39987d8f969883b,0x822f748101359bf1e40c5ca26ef84dfd99cbafc03897b596582220cff63b56edde218541c338356ee39987d8f969883b
Minitel.wtf,ethereum_0xa545bfcfc59e4c7c60a928999cb7708fe55cbab3537f3d82c254d088a1984349f026cb361d4a3256db0f04b420175e36,0xa545bfcfc59e4c7c60a928999cb7708fe55cbab3537f3d82c254d088a1984349f026cb361d4a3256db0f04b420175e36
Minitel.wtf,ethereum_0x94873b9030fb944c7663cb94b55b2ecc5277f8f7c78d5da9978241bfa6567ff3f5fb8de26aba6e54c3c21a4dffb46f72,0x94873b9030fb944c7663cb94b55b2ecc5277f8f7c78d5da9978241bfa6567ff3f5fb8de26aba6e54c3c21a4dffb46f72
Minitel.wtf,ethereum_0xb3e9a1c287bfaa2798e7ba992ff473da056da3d5a55faa6f85688ce96133f849fb6e6ed5712aa84d9cedb0a70cf7e58c,0xb3e9a1c287bfaa2798e7ba992ff473da056da3d5a55faa6f85688ce96133f849fb6e6ed5712aa84d9cedb0a70cf7e58c
Minitel.wtf,ethereum_0x9300c9b26981d439fe566a51cc28fa579f039ba05affcb686c3024efbd42db809a6886583e4fd4c9874077098db7c5bb,0x9300c9b26981d439fe566a51cc28fa579f039ba05affcb686c3024efbd42db809a6886583e4fd4c9874077098db7c5bb
Minitel.wtf,ethereum_0x898e7f10633e1685dee584957b523f6936ff5ea6852f00c81bc386a912a3f86030984bc30e284340e29140d635db34d4,0x898e7f10633e1685dee584957b523f6936ff5ea6852f00c81bc386a912a3f86030984bc30e284340e29140d635db34d4
Minitel.wtf,ethereum_0xa816c68952caeaf99bb7ba406cc03c5d0b95e287efcb179d0e32e8d7fc29ef9613a32f94986e0ce2d055c0fa8ca23f90,0xa816c68952caeaf99bb7ba406cc03c5d0b95e287efcb179d0e32e8d7fc29ef9613a32f94986e0ce2d055c0fa8ca23f90
Minitel.wtf,ethereum_0xadc2eb53b8c74aea5829032c9d418b59b9b52459f7d0066e8aac5027319d91e7e21e02664bdd39ac36b05ff2e2b0dcd8,0xadc2eb53b8c74aea5829032c9d418b59b9b52459f7d0066e8aac5027319d91e7e21e02664bdd39ac36b05ff2e2b0dcd8
Minitel.wtf,ethereum_0x8d3a4ae1a4b6b65025540f78b52652658faada5152f5db3c9b8053b29be518a96fd73cbce66a0b8de5c59068ef8529cf,0x8d3a4ae1a4b6b65025540f78b52652658faada5152f5db3c9b8053b29be518a96fd73cbce66a0b8de5c59068ef8529cf
Minitel.wtf,ethereum_0xa7d4af9ab214c1bf54d1c2d2b497733b6dc571a6291417e4ae7491a4c2b23218f1269404a16671f969fa846055baf12b,0xa7d4af9ab214c1bf54d1c2d2b497733b6dc571a6291417e4ae7491a4c2b23218f1269404a16671f969fa846055baf12b
Minitel.wtf,ethereum_0xa96bf1bedabaf41cdbaa228a11188b3215f7695354a86d59c2095b63d3010b885208c2c72dd53ca40f96b6b1609ce0bd,0xa96bf1bedabaf41cdbaa228a11188b3215f7695354a86d59c2095b63d3010b885208c2c72dd53ca40f96b6b1609ce0bd
Minitel.wtf,ethereum_0xadf08b5e715b7fd2627b233f57b4cda7b45eefbeec4747e1b4f627229a44a942eed34c73dcf43f36b1fd6a163d54c7aa,0xadf08b5e715b7fd2627b233f57b4cda7b45eefbeec4747e1b4f627229a44a942eed34c73dcf43f36b1fd6a163d54c7aa
Minitel.wtf,ethereum_0xaf2e94d28d897b91011beb9679c28d61002c06a036f28be61e25071678af1f615e222aaff2d7537b20f76fdb4604e79c,0xaf2e94d28d897b91011beb9679c28d61002c06a036f28be61e25071678af1f615e222aaff2d7537b20f76fdb4604e79c
Minitel.wtf,ethereum_0x834d0398d18ae60525eb6068c07ea7a66c8ae9a83ee3ce6bd2be348fef41d811923253aefbe6ffa5a14acedeb5566c6d,0x834d0398d18ae60525eb6068c07ea7a66c8ae9a83ee3ce6bd2be348fef41d811923253aefbe6ffa5a14acedeb5566c6d
Minitel.wtf,ethereum_0xb0f80438ed27aa55218baa8c3ee6f5701bd4a177adf2f50668e7f3303af19af38c5f984d501706c5b8c9ea2f97306032,0xb0f80438ed27aa55218baa8c3ee6f5701bd4a177adf2f50668e7f3303af19af38c5f984d501706c5b8c9ea2f97306032
Minitel.wtf,ethereum_0xa5bd1d7a4bc2c65718172a2e9e50450841305ac04491d260d75228dc4744c7e7a895ee08c25eca9809da4d2a4831adef,0xa5bd1d7a4bc2c65718172a2e9e50450841305ac04491d260d75228dc4744c7e7a895ee08c25eca9809da4d2a4831adef
Minitel.wtf,ethereum_0x918ab33c6a8166ddd66fa14a31d74584b73611f1c055078eede189d663e6eb9d8534e4a60d2a85a3bc7fa0cb36a35d86,0x918ab33c6a8166ddd66fa14a31d74584b73611f1c055078eede189d663e6eb9d8534e4a60d2a85a3bc7fa0cb36a35d86
Minitel.wtf,ethereum_0xa8002d335b5a88b191961d9c4600f8cb241e607b0331ccff698f355bd9ccb0b46fe200f3f77fb1efee02c4d7a247021b,0xa8002d335b5a88b191961d9c4600f8cb241e607b0331ccff698f355bd9ccb0b46fe200f3f77fb1efee02c4d7a247021b
Minitel.wtf,ethereum_0xb086d3cce78e9e6be8aad6ec5d1b03e2ad1934610500162be679db0cfa442e77d5d0b928ded34b8d152177212d5d2810,0xb086d3cce78e9e6be8aad6ec5d1b03e2ad1934610500162be679db0cfa442e77d5d0b928ded34b8d152177212d5d2810
Minitel.wtf,ethereum_0xaf1bb7be37b57ff2da954960ac5be36353d4bf76ac7a023a1ae22dae2eedb99b0884b9d3d42080ecfa7ac22541225f8b,0xaf1bb7be37b57ff2da954960ac5be36353d4bf76ac7a023a1ae22dae2eedb99b0884b9d3d42080ecfa7ac22541225f8b
Minitel.wtf,ethereum_0x8fcbfa90b7796330fcc676bf99f42f2f28d823288ab67e57907cc707574999ed2f85f5d33da540aaa46082ce0cc397dc,0x8fcbfa90b7796330fcc676bf99f42f2f28d823288ab67e57907cc707574999ed2f85f5d33da540aaa46082ce0cc397dc
Minitel.wtf,ethereum_0x9477f41d343236d2a4ea1a1152bc2db8551687c36ec8f58bbb2c2ba71171f603b8c7c6a9c3036407023a41f5ba385425,0x9477f41d343236d2a4ea1a1152bc2db8551687c36ec8f58bbb2c2ba71171f603b8c7c6a9c3036407023a41f5ba385425
Minitel.wtf,ethereum_0xa34c379c4b2e24330e434e9179f09c2940e04cd3edc18aa322686c30843388bcb65e72cd80198af5fe2d2b88ad476bd8,0xa34c379c4b2e24330e434e9179f09c2940e04cd3edc18aa322686c30843388bcb65e72cd80198af5fe2d2b88ad476bd8
Minitel.wtf,ethereum_0xb936736d12bf59b7a6b015439cd6c4aa51c34759c38e07100dded66bce7745e3b9ac403c0f7c3f26e3630c73df0ae147,0xb936736d12bf59b7a6b015439cd6c4aa51c34759c38e07100dded66bce7745e3b9ac403c0f7c3f26e3630c73df0ae147
Minitel.wtf,ethereum_0x91d39c3f15e47449780906ddf086c7554443b32944f996d04d6a4abb403e616d405abfab8ac23cec625cc1cc382db2e1,0x91d39c3f15e47449780906ddf086c7554443b32944f996d04d6a4abb403e616d405abfab8ac23cec625cc1cc382db2e1
Minitel.wtf,ethereum_0x842a3c1b3f9e5ab3323ba86fb88ac5c25b19778ce0c326539f34274e95c6ea28c8ab99079c971629596cdfc8ecc94e23,0x842a3c1b3f9e5ab3323ba86fb88ac5c25b19778ce0c326539f34274e95c6ea28c8ab99079c971629596cdfc8ecc94e23
Minitel.wtf,ethereum_0x83acb1e35b68b70789bc8744366eff4f5988d78f0da09b2d283d30c61a5bc381f99911088afcbd82500d4092e5284d0f,0x83acb1e35b68b70789bc8744366eff4f5988d78f0da09b2d283d30c61a5bc381f99911088afcbd82500d4092e5284d0f
Minitel.wtf,ethereum_0xb6506f0987919dbfdbe21b9ad419ac10699e35193e2713f33fa7426bc3cb3af600d4864a510685813655d7daa576c9de,0xb6506f0987919dbfdbe21b9ad419ac10699e35193e2713f33fa7426bc3cb3af600d4864a510685813655d7daa576c9de
Minitel.wtf,ethereum_0xa85ef766caa729598ff95e31533030d51bce08bbabc237baf863eb8fc671c116ce0688c73140336c18682f0b723bb33a,0xa85ef766caa729598ff95e31533030d51bce08bbabc237baf863eb8fc671c116ce0688c73140336c18682f0b723bb33a
Minitel.wtf,ethereum_0x8c522989311e7ffff3427d0969042b7f00b65b7c11e39b55925e955c811c4a126ee326ffeda3b06ffbeb5d3eebabf3ff,0x8c522989311e7ffff3427d0969042b7f00b65b7c11e39b55925e955c811c4a126ee326ffeda3b06ffbeb5d3eebabf3ff
Minitel.wtf,ethereum_0xabb96181fc5b831958dd48cf5ebe0e8bdcf28233a4d189f423c1af495ae2904e8bab34a6a93c8a99c1bcc3275ed48e39,0xabb96181fc5b831958dd48cf5ebe0e8bdcf28233a4d189f423c1af495ae2904e8bab34a6a93c8a99c1bcc3275ed48e39
Minitel.wtf,ethereum_0xaba1e6d45ac528520522446678e4b26b87163a906fe36a96b642e113a6768c879ac52cf2c15dff31b6aa3f0cdc7b5e9f,0xaba1e6d45ac528520522446678e4b26b87163a906fe36a96b642e113a6768c879ac52cf2c15dff31b6aa3f0cdc7b5e9f
Minitel.wtf,ethereum_0xb55f4f20af7dd69eb042a5dd6df7c46fa9be937561d739f876cd628c2684aa6d0cad3141694b8066e08698738c7ac285,0xb55f4f20af7dd69eb042a5dd6df7c46fa9be937561d739f876cd628c2684aa6d0cad3141694b8066e08698738c7ac285
Minitel.wtf,ethereum_0xa9c847d9151973609b2b3c90d0ee26067f96bdadafea60c3a82a7177445fffa5817730840883d1dc7a48848f430aad7b,0xa9c847d9151973609b2b3c90d0ee26067f96bdadafea60c3a82a7177445fffa5817730840883d1dc7a48848f430aad7b
Minitel.wtf,ethereum_0xa35385ea391e17dd240c58b9af4bbf80b21f48c818268271a0aeb4fe6b7b0c3b64a926f776024e762add18eaa9e1647c,0xa35385ea391e17dd240c58b9af4bbf80b21f48c818268271a0aeb4fe6b7b0c3b64a926f776024e762add18eaa9e1647c
Minitel.wtf,ethereum_0x8f2c50b8c4ae2765a44e57bae07053aac1d79ce978a2b3068fba86ac802af135dcb11eb81fd633defc3033027996eb85,0x8f2c50b8c4ae2765a44e57bae07053aac1d79ce978a2b3068fba86ac802af135dcb11eb81fd633defc3033027996eb85
Minitel.wtf,ethereum_0x87c6173133fbb7e1f1792ae617124889ac38cd42691a296b3a0ed26909ce90cd46f0f0dfe7226a142d7bdd3c5e01c2be,0x87c6173133fbb7e1f1792ae617124889ac38cd42691a296b3a0ed26909ce90cd46f0f0dfe7226a142d7bdd3c5e01c2be
Minitel.wtf,ethereum_0xb7be220d263c11fc8ff7658bd7ec8fc7ebe76c8704cd06d9bfbc8abe1f95854caa63321d4352b832c693235c5d2315d7,0xb7be220d263c11fc8ff7658bd7ec8fc7ebe76c8704cd06d9bfbc8abe1f95854caa63321d4352b832c693235c5d2315d7
Minitel.wtf,ethereum_0xa44acb0720132433dc0a5ecde9438e9b9e73f162bb50cdf0ce2325bd76bb1671e1b633a6d4959094e3b4c2c31473acba,0xa44acb0720132433dc0a5ecde9438e9b9e73f162bb50cdf0ce2325bd76bb1671e1b633a6d4959094e3b4c2c31473acba
Minitel.wtf,ethereum_0xb293666c727d689a1728a298e150f12dee73fcf681a32a940e8c79f8b0770de284e8558c84221aeb8520f391d39e9bbf,0xb293666c727d689a1728a298e150f12dee73fcf681a32a940e8c79f8b0770de284e8558c84221aeb8520f391d39e9bbf
Minitel.wtf,ethereum_0x820c820b207987af76f9d533a9525be05aff30291eb815c93aacff52ea7e4ca7e3e6804e301160bccffd892fefcb2a45,0x820c820b207987af76f9d533a9525be05aff30291eb815c93aacff52ea7e4ca7e3e6804e301160bccffd892fefcb2a45
Minitel.wtf,ethereum_0xa13d20f72c31e89c4dc679154a0bb02aceded32dca4bb7b886e8970afd3873c28299107d80dc8afc539738f55fe28268,0xa13d20f72c31e89c4dc679154a0bb02aceded32dca4bb7b886e8970afd3873c28299107d80dc8afc539738f55fe28268
Minitel.wtf,ethereum_0xa3c88267b76bcc3580296057435fa0bbb037aa30d4c6f97a5ee96ed28776d35fb828eb8c7e423a8ceaec67699b044b21,0xa3c88267b76bcc3580296057435fa0bbb037aa30d4c6f97a5ee96ed28776d35fb828eb8c7e423a8ceaec67699b044b21
Minitel.wtf,ethereum_0xb293ed79a089e048131d19a61f15890f863d9127be7f45f6f4a0c3f64debf47871a46ff9f62b5ff5b735fd8d99653d06,0xb293ed79a089e048131d19a61f15890f863d9127be7f45f6f4a0c3f64debf47871a46ff9f62b5ff5b735fd8d99653d06
Minitel.wtf,ethereum_0xa85d573cb15448c50ce35fc2fdbe9713d9b03c77a7ead2edf7ad5c04aa592458cf49392300e42066bbd56a32bc332b36,0xa85d573cb15448c50ce35fc2fdbe9713d9b03c77a7ead2edf7ad5c04aa592458cf49392300e42066bbd56a32bc332b36
Minitel.wtf,ethereum_0xaf8055a087b54fbc6a9e36e2602953f6c3eebf70f94ad65b74530e32b8a87aa558cceb8aa473339040b29c83dea5e0b6,0xaf8055a087b54fbc6a9e36e2602953f6c3eebf70f94ad65b74530e32b8a87aa558cceb8aa473339040b29c83dea5e0b6
Minitel.wtf,ethereum_0x8820301e8233d6d7e973f5215d879e7d885c4ad73dc8d4bdedbdc2a19de8457cea466e169d328928c099311c97039186,0x8820301e8233d6d7e973f5215d879e7d885c4ad73dc8d4bdedbdc2a19de8457cea466e169d328928c099311c97039186
Minitel.wtf,ethereum_0x9369091bc3130906074acd9adf4c8b81167abc7ea9455f529f59b68d57c83fc6b68a798c8f6fbe9e7635a7d0b3b12fc0,0x9369091bc3130906074acd9adf4c8b81167abc7ea9455f529f59b68d57c83fc6b68a798c8f6fbe9e7635a7d0b3b12fc0
Minitel.wtf,ethereum_0xa923ae4f259f7be37ecf2766d9c25bd8e1d8211cdeb07654102fcceaeff120a2695499338c3fa2efe194fecc9fd9a51f,0xa923ae4f259f7be37ecf2766d9c25bd8e1d8211cdeb07654102fcceaeff120a2695499338c3fa2efe194fecc9fd9a51f
Minitel.wtf,ethereum_0xb9ba0922e7a9ae38b22e4a6d55eff482a974412e6f15c0995753f0e82dcfbc37b7078750d9f2d60512d1a23369b7a8a6,0xb9ba0922e7a9ae38b22e4a6d55eff482a974412e6f15c0995753f0e82dcfbc37b7078750d9f2d60512d1a23369b7a8a6
Minitel.wtf,ethereum_0xa2e9b4b420306ed85a043aec803db218ee45a63701e51647b64e4e6742a4175c04eb47966d0bdf12a2a1217c508146b7,0xa2e9b4b420306ed85a043aec803db218ee45a63701e51647b64e4e6742a4175c04eb47966d0bdf12a2a1217c508146b7
Minitel.wtf,ethereum_0xa580d4705863fbcfeb03661ae598cf24a3780e2603f697143826b04b85b6821b5e0b5e7fa5a34473e4fd8cb267740527,0xa580d4705863fbcfeb03661ae598cf24a3780e2603f697143826b04b85b6821b5e0b5e7fa5a34473e4fd8cb267740527
Minitel.wtf,ethereum_0xb1e55d04dd6b6958f2d642d2d4c2f97ac1de99e637f183c8f68eaaaa5e5bb4a4d04d31b4794a4782c2b9f312960b31ba,0xb1e55d04dd6b6958f2d642d2d4c2f97ac1de99e637f183c8f68eaaaa5e5bb4a4d04d31b4794a4782c2b9f312960b31ba
Minitel.wtf,ethereum_0xa3bc7d33aa3f47ee7a2aee0b1b0cb5ab23ce503f197b5a9b4a7d6fb6a6e12accf9cce775be3dc511bb41d5bc1c70e81e,0xa3bc7d33aa3f47ee7a2aee0b1b0cb5ab23ce503f197b5a9b4a7d6fb6a6e12accf9cce775be3dc511bb41d5bc1c70e81e
Minitel.wtf,ethereum_0x89da93f80477390478c52d7f1297fd37d0f79202e2de30b9432335e825e5cf45f8347554e9a493f4868dc7cc5eea863f,0x89da93f80477390478c52d7f1297fd37d0f79202e2de30b9432335e825e5cf45f8347554e9a493f4868dc7cc5eea863f
Minitel.wtf,ethereum_0x8fc48a952136328f3133b8d99e3d47ffdc28ed434445153a7cd1639f37f6db7b53bbdf75fb06a12358eb871fd4db2a36,0x8fc48a952136328f3133b8d99e3d47ffdc28ed434445153a7cd1639f37f6db7b53bbdf75fb06a12358eb871fd4db2a36
Minitel.wtf,ethereum_0x84e234a6c895a74da24c88e401b72a82f6469bc1f5235e9d31cbf03a31118595c9fb7effb70df967142113d60faae183,0x84e234a6c895a74da24c88e401b72a82f6469bc1f5235e9d31cbf03a31118595c9fb7effb70df967142113d60faae183
Minitel.wtf,ethereum_0x82e43c7e513b9924f0d6f3ebadb9af54bb8551c04841d2b3f082a4802b36f6f639beecb0901485e9ab28059f543f4411,0x82e43c7e513b9924f0d6f3ebadb9af54bb8551c04841d2b3f082a4802b36f6f639beecb0901485e9ab28059f543f4411
Minitel.wtf,ethereum_0xaf05887fd7529844ed17ac692040b75df4ca1f23af3bdd6762450e6c6013b943e7326c9f6e2a09368b41a01f467735c4,0xaf05887fd7529844ed17ac692040b75df4ca1f23af3bdd6762450e6c6013b943e7326c9f6e2a09368b41a01f467735c4
Minitel.wtf,ethereum_0xb415020f48e47255768570a02f468b811506955f3a9e9b2fd2c4f748228116797743604bd138e0b3bc2f492477524f33,0xb415020f48e47255768570a02f468b811506955f3a9e9b2fd2c4f748228116797743604bd138e0b3bc2f492477524f33
Minitel.wtf,ethereum_0x90e464ea097097069974cabab14cc05131b8be26b55cbb04662dc2f96f4bd36f70db0bcc2ef5695e69f2e2f61876d44a,0x90e464ea097097069974cabab14cc05131b8be26b55cbb04662dc2f96f4bd36f70db0bcc2ef5695e69f2e2f61876d44a
Minitel.wtf,ethereum_0xabc1becc998cdf42172df56ce6277eae70d1d331f8533c606de4f63fb61fa8ec8610135551173bb4b488f537a0fb59ee,0xabc1becc998cdf42172df56ce6277eae70d1d331f8533c606de4f63fb61fa8ec8610135551173bb4b488f537a0fb59ee
Minitel.wtf,ethereum_0xa2826b40eb04645b00f4b07a236789c1870d4b102de07714058d78c3457419d3fe576c04cf38cd8d4c93375b68563c2f,0xa2826b40eb04645b00f4b07a236789c1870d4b102de07714058d78c3457419d3fe576c04cf38cd8d4c93375b68563c2f
Minitel.wtf,ethereum_0xb334f58a4df99c945f64944a948e26544478d6deeae7c9b23cd21fdbcde94accf3e8ce424e0d3be364cc2ca324b4f4c1,0xb334f58a4df99c945f64944a948e26544478d6deeae7c9b23cd21fdbcde94accf3e8ce424e0d3be364cc2ca324b4f4c1
Minitel.wtf,ethereum_0xa71a2deb3d47dfa3658f7b16fca5291a9f167f831a1029ff6136fcb85f9306f5fb50e2dfbca144064374f8b29d6a284d,0xa71a2deb3d47dfa3658f7b16fca5291a9f167f831a1029ff6136fcb85f9306f5fb50e2dfbca144064374f8b29d6a284d
Minitel.wtf,ethereum_0x8da2d3399df90b9c7b9dc09eb366f9ea38713fd8644f8fefe3fe3044d649e0e59be66fc06ac14dd8573ecf2e449608be,0x8da2d3399df90b9c7b9dc09eb366f9ea38713fd8644f8fefe3fe3044d649e0e59be66fc06ac14dd8573ecf2e449608be
Minitel.wtf,ethereum_0xa9d02f55a46e95f428857fae7fa077b23fba88ce63acd3839f93eec91a38c4464671a56f95dd6aa9e0b33071ac37d52d,0xa9d02f55a46e95f428857fae7fa077b23fba88ce63acd3839f93eec91a38c4464671a56f95dd6aa9e0b33071ac37d52d
Minitel.wtf,ethereum_0x93b165b1d25b66badfbf76918d99e684737c78cb3a9dc0277b3de3b17fd4c0c9cf0983608b0fc28806079655d846f78a,0x93b165b1d25b66badfbf76918d99e684737c78cb3a9dc0277b3de3b17fd4c0c9cf0983608b0fc28806079655d846f78a
Minitel.wtf,ethereum_0x961862ce864e4a8c7c1b7790ec304d0fce53b66f930895dc65d3d5b456c8917d28487d31af29e53280a799e8b2bec627,0x961862ce864e4a8c7c1b7790ec304d0fce53b66f930895dc65d3d5b456c8917d28487d31af29e53280a799e8b2bec627
Minitel.wtf,ethereum_0xaa7666e25814138490e8630d325287462f0ef314fe906437d1d57fe97197b28db0d16e0125b7a4ae2786384386e9eff6,0xaa7666e25814138490e8630d325287462f0ef314fe906437d1d57fe97197b28db0d16e0125b7a4ae2786384386e9eff6
Minitel.wtf,ethereum_0x91c15c2da708c77af9d2ee361dfe2961e7036e49b953e729a21aa4921b22fb07fc6475a179ddc979d9e780e7afafad88,0x91c15c2da708c77af9d2ee361dfe2961e7036e49b953e729a21aa4921b22fb07fc6475a179ddc979d9e780e7afafad88
Minitel.wtf,ethereum_0xb74d68262e234db92d90aa31ac0438031b97a13c28c251c4955e1b904f3673229b98e4c2692a786a8c537e14620da14f,0xb74d68262e234db92d90aa31ac0438031b97a13c28c251c4955e1b904f3673229b98e4c2692a786a8c537e14620da14f
Minitel.wtf,ethereum_0x92e98f229e56be4b8017251e1b509f9b3850fb48f2b9af000f86567f33cf14fa7e3b2471a6f7c1f7f4807d5ec10bac07,0x92e98f229e56be4b8017251e1b509f9b3850fb48f2b9af000f86567f33cf14fa7e3b2471a6f7c1f7f4807d5ec10bac07
Minitel.wtf,ethereum_0xa35a8d8404a467519ed3a7066e398efe178bc0e5757f64fdbadfa696bb0c437adcb9a74f028a90b0d7ec4951f0ec5e2e,0xa35a8d8404a467519ed3a7066e398efe178bc0e5757f64fdbadfa696bb0c437adcb9a74f028a90b0d7ec4951f0ec5e2e
Minitel.wtf,ethereum_0xa82dc73ead049db9b666ba7ff3f806eaa8dbb4022ac49dbdf58330c334660b67f6073a4bb6d59093fa7613e914fc3087,0xa82dc73ead049db9b666ba7ff3f806eaa8dbb4022ac49dbdf58330c334660b67f6073a4bb6d59093fa7613e914fc3087
Minitel.wtf,ethereum_0xb717cba2c5a081c47e988e571f769e08fe9b2afec615d30423e2d2f190e51d0bc971af87787b17a7960a39f7a051c25c,0xb717cba2c5a081c47e988e571f769e08fe9b2afec615d30423e2d2f190e51d0bc971af87787b17a7960a39f7a051c25c
Minitel.wtf,ethereum_0x86c14351b3d36a3db286d72baedb2af15fdd08814636c93aad1a53c2d9e95bcb1f74792ce217b222dd68f9b6fcf3d180,0x86c14351b3d36a3db286d72baedb2af15fdd08814636c93aad1a53c2d9e95bcb1f74792ce217b222dd68f9b6fcf3d180
Minitel.wtf,ethereum_0xa3d3e7a63e356a42f574ce083f34b8141cd4b02f5d56147197e5d99b7ba17838ad66478aef46308e85751b530d2f686a,0xa3d3e7a63e356a42f574ce083f34b8141cd4b02f5d56147197e5d99b7ba17838ad66478aef46308e85751b530d2f686a
Minitel.wtf,ethereum_0x96944390d77ee7154f92cbd0b8306c709ab29b33d8fa3d485eb43cba1897428feb859153fe92e8ec192d6832b9ba1e0f,0x96944390d77ee7154f92cbd0b8306c709ab29b33d8fa3d485eb43cba1897428feb859153fe92e8ec192d6832b9ba1e0f
Minitel.wtf,ethereum_0xb694c0d8b4a0ef2dfdc5228f40bc3f61240a8fe153a1dd09d41cffd644aa5f23b9e4614a034da06fe1a203020f148c36,0xb694c0d8b4a0ef2dfdc5228f40bc3f61240a8fe153a1dd09d41cffd644aa5f23b9e4614a034da06fe1a203020f148c36
Minitel.wtf,ethereum_0xa1f6c95026419d5f9f7c51a7c172438bd338f786713f6baebc4b13e3af18b03fb0f0a9a0d9ea5446e84ba3e0ec16c877,0xa1f6c95026419d5f9f7c51a7c172438bd338f786713f6baebc4b13e3af18b03fb0f0a9a0d9ea5446e84ba3e0ec16c877
Minitel.wtf,ethereum_0xa8029bdce2359de0ba82fcb753b7b8d74df931a92ec7ba9a8ea44719914cf97dcbabde95dbae04dd2936bfcd555e2e9a,0xa8029bdce2359de0ba82fcb753b7b8d74df931a92ec7ba9a8ea44719914cf97dcbabde95dbae04dd2936bfcd555e2e9a
Minitel.wtf,ethereum_0x87d6c9b5f88c0b68a9b43e6d6da49dd8d27bd9404d53d499daf47ac95b42c5f39c566ccc70d990056dc8a6e688ebb4c4,0x87d6c9b5f88c0b68a9b43e6d6da49dd8d27bd9404d53d499daf47ac95b42c5f39c566ccc70d990056dc8a6e688ebb4c4
Minitel.wtf,ethereum_0xb427f7a5270fc14fecc3356dfd236ed480d7e1e95b0987edf645dc7376350e436027db73425b061428ef88a1c2409df6,0xb427f7a5270fc14fecc3356dfd236ed480d7e1e95b0987edf645dc7376350e436027db73425b061428ef88a1c2409df6
Minitel.wtf,ethereum_0x9226b7b497fcaabcfe896553c2ef76766a71cf1caf0ea6c8ebe7db08dbea557ee1bd5d095ca123a9552c0953251d851f,0x9226b7b497fcaabcfe896553c2ef76766a71cf1caf0ea6c8ebe7db08dbea557ee1bd5d095ca123a9552c0953251d851f
Minitel.wtf,ethereum_0x9692c1115d4bd5cac78610ab9b52a8cb61d512fc506d34b547ec17988b3f9416d75bab7a8a4572afa8cfa7b50513e583,0x9692c1115d4bd5cac78610ab9b52a8cb61d512fc506d34b547ec17988b3f9416d75bab7a8a4572afa8cfa7b50513e583
Minitel.wtf,ethereum_0xaaf0df460588f96c87741b45dd323afa374889a2cb9dd69f0323cca14f6ca5ce96adeb8e0d3fc94976ff3feb6a8184d6,0xaaf0df460588f96c87741b45dd323afa374889a2cb9dd69f0323cca14f6ca5ce96adeb8e0d3fc94976ff3feb6a8184d6
Minitel.wtf,ethereum_0xb2704c4a90d8ef03fbf4423007eae85fa622fed8987f9bee4452d933cf6ffeaf4d4e00bc1045c0934558a4979d1c5a90,0xb2704c4a90d8ef03fbf4423007eae85fa622fed8987f9bee4452d933cf6ffeaf4d4e00bc1045c0934558a4979d1c5a90
Minitel.wtf,ethereum_0xa693a4c30afb90445e14ca43e03efc1381188e5e4e458bbcbce6847e916e703443362c6ed767745840c695d2bddcc463,0xa693a4c30afb90445e14ca43e03efc1381188e5e4e458bbcbce6847e916e703443362c6ed767745840c695d2bddcc463
Minitel.wtf,ethereum_0xaba3c0eafdcb72798b663408cc963435bbb55b1db72a6f518e32ef86392dc63c63b5abd506e7cd34d3f0d3da8b63b326,0xaba3c0eafdcb72798b663408cc963435bbb55b1db72a6f518e32ef86392dc63c63b5abd506e7cd34d3f0d3da8b63b326
Minitel.wtf,ethereum_0x9261a2c6df11e5f5a3b94e147ee244a1098d0ca1e82f9f64c299cd4a2602bf3baade245a29be53191b3f8c3d28c4618a,0x9261a2c6df11e5f5a3b94e147ee244a1098d0ca1e82f9f64c299cd4a2602bf3baade245a29be53191b3f8c3d28c4618a
Minitel.wtf,ethereum_0x81c56c12785d611f80b6e4132067ed893db7ee58c1801da23b7055bfa28ef6e9b15e0a45993c54405c44f75de35778e2,0x81c56c12785d611f80b6e4132067ed893db7ee58c1801da23b7055bfa28ef6e9b15e0a45993c54405c44f75de35778e2
Minitel.wtf,ethereum_0x87ee361e659c76ee17595b9f5d5308d582d0c069ac823dc0f8927e2a949e21159933b43771e6ab4e58b6799b31aa1ffc,0x87ee361e659c76ee17595b9f5d5308d582d0c069ac823dc0f8927e2a949e21159933b43771e6ab4e58b6799b31aa1ffc
Minitel.wtf,ethereum_0xa9821e444d0253f511820c66373d5a338e923214f094b82ab9e7f518a67ecbd50d1249ed235780b43c150f873ec3e656,0xa9821e444d0253f511820c66373d5a338e923214f094b82ab9e7f518a67ecbd50d1249ed235780b43c150f873ec3e656
Minitel.wtf,ethereum_0x92e4b190d13e3d7d0b65f841a86ba613b9f2cec2fdf7da4c2238628fcb2fb7f2615e610dd4c7af7cabc71e1931b2d0e3,0x92e4b190d13e3d7d0b65f841a86ba613b9f2cec2fdf7da4c2238628fcb2fb7f2615e610dd4c7af7cabc71e1931b2d0e3
Minitel.wtf,ethereum_0xab63bce6d7ff42f69da9f6d220ce55529552f28b77de4adcf877290d8f511a6605cb6eb51cfd34faaa2d3e31fc2c581d,0xab63bce6d7ff42f69da9f6d220ce55529552f28b77de4adcf877290d8f511a6605cb6eb51cfd34faaa2d3e31fc2c581d
Minitel.wtf,ethereum_0x84f95cf642fa69442d346df0c93379c7f079ac369c7ccd3c14d7c7cf321df72ac1ce4e7aee8de646b5c5833cc1812011,0x84f95cf642fa69442d346df0c93379c7f079ac369c7ccd3c14d7c7cf321df72ac1ce4e7aee8de646b5c5833cc1812011
Minitel.wtf,ethereum_0x8daae621788c07b732a13e74a927c61522834c497927009ac182e318cad9de50982ba00f683a92a0f7425f48f3c1d59a,0x8daae621788c07b732a13e74a927c61522834c497927009ac182e318cad9de50982ba00f683a92a0f7425f48f3c1d59a
Minitel.wtf,ethereum_0x93a98e1c535ce2daf51f4d80366d44aecd06ec627b2b2c9fac51e09d422e7ea4a04311b71915ae42e980fe308f5a2263,0x93a98e1c535ce2daf51f4d80366d44aecd06ec627b2b2c9fac51e09d422e7ea4a04311b71915ae42e980fe308f5a2263
Minitel.wtf,ethereum_0xb2a0890c101dbe1144a041d89c63cbf7d44fb322decf8fc95982212a1186221fe15da652ff2df0d1b3451ed17a5b8632,0xb2a0890c101dbe1144a041d89c63cbf7d44fb322decf8fc95982212a1186221fe15da652ff2df0d1b3451ed17a5b8632
Minitel.wtf,ethereum_0x8912bca41c1ab4fdfe25cd355d8b9637fafb5c4d2fc17fad75e8ceee49e67490678cfdc3ed93b55d1ec17d8e2f1ad2c8,0x8912bca41c1ab4fdfe25cd355d8b9637fafb5c4d2fc17fad75e8ceee49e67490678cfdc3ed93b55d1ec17d8e2f1ad2c8
Minitel.wtf,ethereum_0xb3580ba938706370b8c5933e01ba6b2e7ade224ba3a652df0a2c2e2f15789bd92048f39b878dbd83075ad34153fd8f1a,0xb3580ba938706370b8c5933e01ba6b2e7ade224ba3a652df0a2c2e2f15789bd92048f39b878dbd83075ad34153fd8f1a
Minitel.wtf,ethereum_0x9648a813faa25fd57f4eb0ceaeb39fe476dcbc90e4ff18a38b71c5d8e97a8a40e097401243e839dce7b59cff9da32658,0x9648a813faa25fd57f4eb0ceaeb39fe476dcbc90e4ff18a38b71c5d8e97a8a40e097401243e839dce7b59cff9da32658
Minitel.wtf,ethereum_0xb1bdaa8f5644f462ea6ceb269b10c0e2aa1ba9e37213e40effc941322ef293a441db1a906f4913cdf0ce6dde60d1a98c,0xb1bdaa8f5644f462ea6ceb269b10c0e2aa1ba9e37213e40effc941322ef293a441db1a906f4913cdf0ce6dde60d1a98c
Minitel.wtf,ethereum_0xb4b28b2f21d9c30f2125e48549191ee2d2327fc876c0ba89745661ef6d372eadbec0d877219c829b321ed0e4e5391105,0xb4b28b2f21d9c30f2125e48549191ee2d2327fc876c0ba89745661ef6d372eadbec0d877219c829b321ed0e4e5391105
Minitel.wtf,ethereum_0x949909ab153f5d1e14ac807b8f57b68cfe58db5d207c6e516cc8f58561117953776f5b8510f5ad095379ac2d585b80db,0x949909ab153f5d1e14ac807b8f57b68cfe58db5d207c6e516cc8f58561117953776f5b8510f5ad095379ac2d585b80db
Minitel.wtf,ethereum_0x8d866fd35a23879b0e62a34f5588dc2d58db0c3865fe87e046dea13e1e480f724d1257848b03c567ef4e49b4f72a0ab5,0x8d866fd35a23879b0e62a34f5588dc2d58db0c3865fe87e046dea13e1e480f724d1257848b03c567ef4e49b4f72a0ab5
Minitel.wtf,ethereum_0x924bbf536df8c2e97fd7815685b83245e026e012d59241aa18ff7f062d3373ab3ed2bc22ca0337e2a1f4df62a2805d12,0x924bbf536df8c2e97fd7815685b83245e026e012d59241aa18ff7f062d3373ab3ed2bc22ca0337e2a1f4df62a2805d12
Minitel.wtf,ethereum_0xb78146539063ade84286b838bedabfb2198077e1a13e8f278d5ebb219017916538ccae3fb9cccace5e11a54fbf5f2e93,0xb78146539063ade84286b838bedabfb2198077e1a13e8f278d5ebb219017916538ccae3fb9cccace5e11a54fbf5f2e93
Minitel.wtf,ethereum_0x97ce84863b36ac910965e4721c7c4e7eb734e4133bfe75d1c2ff8398e6c58305b893cedf5324224d74af0aaa715e28f9,0x97ce84863b36ac910965e4721c7c4e7eb734e4133bfe75d1c2ff8398e6c58305b893cedf5324224d74af0aaa715e28f9
Minitel.wtf,ethereum_0xaf1a165540625cc237a4772ecb338068d4eaa4d60c06a691d3b21e808f07dc7f24e1b50f0bfdfa384879fcbd1985b3cc,0xaf1a165540625cc237a4772ecb338068d4eaa4d60c06a691d3b21e808f07dc7f24e1b50f0bfdfa384879fcbd1985b3cc
Minitel.wtf,ethereum_0x8430bd45ed9b7b682ccd6360f247f2c9a081235c20530a5b58a9c947769da69b0e996b0bb7baa899b9364e9f22a2d869,0x8430bd45ed9b7b682ccd6360f247f2c9a081235c20530a5b58a9c947769da69b0e996b0bb7baa899b9364e9f22a2d869
Minitel.wtf,ethereum_0xa68657bf943353338d8d928da213a81b68cffbe5c969801415b7b4b6586d20cd3a2771edf107746dad11af688eeeef28,0xa68657bf943353338d8d928da213a81b68cffbe5c969801415b7b4b6586d20cd3a2771edf107746dad11af688eeeef28
Minitel.wtf,ethereum_0x91bf37a475a3db3a42e3218cff2420bf03a862fc99b318a43d19e69ec72c6fccf7a5764a3172d0cca195fa1a2eafbc35,0x91bf37a475a3db3a42e3218cff2420bf03a862fc99b318a43d19e69ec72c6fccf7a5764a3172d0cca195fa1a2eafbc35
Minitel.wtf,ethereum_0x8f4ab63b603f02d666459fa4bfab2b013cb890c237eeea9f5f6ffc554566b1e2936fa13fe5a0dc845aad7e90b7c1a661,0x8f4ab63b603f02d666459fa4bfab2b013cb890c237eeea9f5f6ffc554566b1e2936fa13fe5a0dc845aad7e90b7c1a661
Minitel.wtf,ethereum_0xaa17776b3d7ec8e4760b80afc68e1bf6e765839db6963639a6eb3e886d7e1c67360b3f3bdcd493138311c3ab053070ef,0xaa17776b3d7ec8e4760b80afc68e1bf6e765839db6963639a6eb3e886d7e1c67360b3f3bdcd493138311c3ab053070ef
Minitel.wtf,ethereum_0x984e94d99da7fecd02ca8023c74d0c9027cabd2da621b1cf82329976c45dd714d0797f09129c30f7d0c660ff6ac6af5b,0x984e94d99da7fecd02ca8023c74d0c9027cabd2da621b1cf82329976c45dd714d0797f09129c30f7d0c660ff6ac6af5b
Minitel.wtf,ethereum_0x86cf0d7ce80e86e16ee279d406111d2d846c290ee3455b223d60adbfcd88f7d07aedaf2d25a36e49a12a82f17172164f,0x86cf0d7ce80e86e16ee279d406111d2d846c290ee3455b223d60adbfcd88f7d07aedaf2d25a36e49a12a82f17172164f
Minitel.wtf,ethereum_0xa2b5a9c340303f4f14299174e9b7623203c798fdd70b88562935e56c5ad34f59d1e4a167da6af0f59461c3d5b0bd98c8,0xa2b5a9c340303f4f14299174e9b7623203c798fdd70b88562935e56c5ad34f59d1e4a167da6af0f59461c3d5b0bd98c8
Minitel.wtf,ethereum_0xb4cd35e5928f47de380ce8f77558eefbf5994db12fded259cc2a3bf63a4ef4faec8465692bf0d43d2d0ac846415bf3d5,0xb4cd35e5928f47de380ce8f77558eefbf5994db12fded259cc2a3bf63a4ef4faec8465692bf0d43d2d0ac846415bf3d5
Minitel.wtf,ethereum_0x88dbf207fc7eb34df118547fb2ff8b686ea470d79ff4853f76f3f76e65015ac0c29eaaeaaa9aec584f8e4a265f0c8778,0x88dbf207fc7eb34df118547fb2ff8b686ea470d79ff4853f76f3f76e65015ac0c29eaaeaaa9aec584f8e4a265f0c8778